observation_date,IHLIDXUSTPCUSTSERV
2021-05-01,128.84
2021-05-02,128.77
2021-05-03,128.84
2021-05-04,128.89
2021-05-05,128.91
2021-05-06,129.11
2021-05-07,128.89
2021-05-08,129.16
2021-05-09,129.49
2021-05-10,129.64
2021-05-11,129.94
2021-05-12,130.42
2021-05-13,130.68
2021-05-14,131.34
2021-05-15,131.44
2021-05-16,131.57
2021-05-17,131.80
2021-05-18,131.90
2021-05-19,131.88
2021-05-20,132.09
2021-05-21,131.52
2021-05-22,131.18
2021-05-23,131.26
2021-05-24,131.13
2021-05-25,131.21
2021-05-26,131.13
2021-05-27,131.19
2021-05-28,132.08
2021-05-29,132.81
2021-05-30,133.23
2021-05-31,133.81
2021-06-01,133.92
2021-06-02,134.12
2021-06-03,134.34
2021-06-04,134.58
2021-06-05,134.85
2021-06-06,135.08
2021-06-07,135.25
2021-06-08,135.64
2021-06-09,136.13
2021-06-10,136.41
2021-06-11,136.84
2021-06-12,137.25
2021-06-13,137.60
2021-06-14,138.05
2021-06-15,138.59
2021-06-16,138.95
2021-06-17,138.28
2021-06-18,137.44
2021-06-19,137.53
2021-06-20,137.57
2021-06-21,137.71
2021-06-22,137.74
2021-06-23,137.94
2021-06-24,139.10
2021-06-25,140.26
2021-06-26,140.48
2021-06-27,140.75
2021-06-28,140.93
2021-06-29,141.14
2021-06-30,141.30
2021-07-01,141.46
2021-07-02,141.51
2021-07-03,141.60
2021-07-04,141.50
2021-07-05,141.33
2021-07-06,141.15
2021-07-07,140.88
2021-07-08,140.72
2021-07-09,140.65
2021-07-10,140.41
2021-07-11,140.33
2021-07-12,140.28
2021-07-13,140.25
2021-07-14,140.17
2021-07-15,140.10
2021-07-16,140.01
2021-07-17,139.96
2021-07-18,140.09
2021-07-19,140.23
2021-07-20,140.44
2021-07-21,140.25
2021-07-22,139.65
2021-07-23,139.26
2021-07-24,138.93
2021-07-25,138.00
2021-07-26,137.15
2021-07-27,136.32
2021-07-28,135.93
2021-07-29,135.71
2021-07-30,135.12
2021-07-31,134.76
2021-08-01,134.80
2021-08-02,134.74
2021-08-03,134.48
2021-08-04,134.34
2021-08-05,134.33
2021-08-06,134.60
2021-08-07,134.52
2021-08-08,134.57
2021-08-09,134.62
2021-08-10,134.76
2021-08-11,134.90
2021-08-12,135.07
2021-08-13,135.19
2021-08-14,135.42
2021-08-15,135.58
2021-08-16,135.75
2021-08-17,136.07
2021-08-18,136.19
2021-08-19,136.35
2021-08-20,136.47
2021-08-21,136.60
2021-08-22,136.76
2021-08-23,136.87
2021-08-24,136.73
2021-08-25,136.94
2021-08-26,137.05
2021-08-27,137.14
2021-08-28,137.27
2021-08-29,137.44
2021-08-30,137.54
2021-08-31,137.74
2021-09-01,137.71
2021-09-02,137.70
2021-09-03,137.75
2021-09-04,137.68
2021-09-05,137.61
2021-09-06,137.74
2021-09-07,137.80
2021-09-08,137.94
2021-09-09,138.07
2021-09-10,138.19
2021-09-11,138.46
2021-09-12,138.68
2021-09-13,138.70
2021-09-14,138.87
2021-09-15,138.98
2021-09-16,138.99
2021-09-17,139.06
2021-09-18,139.10
2021-09-19,139.15
2021-09-20,139.31
2021-09-21,139.38
2021-09-22,139.57
2021-09-23,139.51
2021-09-24,139.37
2021-09-25,138.21
2021-09-26,137.82
2021-09-27,136.83
2021-09-28,136.46
2021-09-29,135.27
2021-09-30,135.14
2021-10-01,135.10
2021-10-02,136.06
2021-10-03,136.24
2021-10-04,137.03
2021-10-05,137.17
2021-10-06,138.21
2021-10-07,138.59
2021-10-08,138.97
2021-10-09,139.26
2021-10-10,138.94
2021-10-11,138.68
2021-10-12,137.83
2021-10-13,136.76
2021-10-14,135.69
2021-10-15,135.03
2021-10-16,133.88
2021-10-17,133.79
2021-10-18,133.68
2021-10-19,134.29
2021-10-20,134.04
2021-10-21,134.98
2021-10-22,135.44
2021-10-23,136.44
2021-10-24,136.93
2021-10-25,137.38
2021-10-26,137.80
2021-10-27,139.10
2021-10-28,139.19
2021-10-29,139.29
2021-10-30,139.47
2021-10-31,139.57
2021-11-01,139.72
2021-11-02,139.83
2021-11-03,139.94
2021-11-04,139.94
2021-11-05,140.03
2021-11-06,139.79
2021-11-07,139.86
2021-11-08,139.94
2021-11-09,139.92
2021-11-10,140.02
2021-11-11,140.32
2021-11-12,140.44
2021-11-13,140.05
2021-11-14,139.47
2021-11-15,139.56
2021-11-16,139.80
2021-11-17,139.98
2021-11-18,139.99
2021-11-19,139.90
2021-11-20,140.65
2021-11-21,141.70
2021-11-22,142.05
2021-11-23,141.55
2021-11-24,141.01
2021-11-25,140.48
2021-11-26,140.09
2021-11-27,139.71
2021-11-28,139.03
2021-11-29,138.34
2021-11-30,138.46
2021-12-01,139.11
2021-12-02,139.92
2021-12-03,140.63
2021-12-04,141.53
2021-12-05,142.39
2021-12-06,143.24
2021-12-07,143.68
2021-12-08,143.81
2021-12-09,143.92
2021-12-10,144.16
2021-12-11,143.90
2021-12-12,143.57
2021-12-13,143.46
2021-12-14,143.84
2021-12-15,143.28
2021-12-16,142.53
2021-12-17,142.26
2021-12-18,141.87
2021-12-19,141.56
2021-12-20,141.18
2021-12-21,140.76
2021-12-22,140.81
2021-12-23,140.83
2021-12-24,140.38
2021-12-25,140.04
2021-12-26,139.72
2021-12-27,139.70
2021-12-28,139.78
2021-12-29,139.89
2021-12-30,140.07
2021-12-31,140.22
2022-01-01,140.52
2022-01-02,140.73
2022-01-03,140.44
2022-01-04,140.09
2022-01-05,139.48
2022-01-06,139.09
2022-01-07,138.97
2022-01-08,138.72
2022-01-09,138.33
2022-01-10,138.20
2022-01-11,138.06
2022-01-12,138.23
2022-01-13,138.27
2022-01-14,137.97
2022-01-15,137.88
2022-01-16,138.05
2022-01-17,137.84
2022-01-18,137.69
2022-01-19,137.68
2022-01-20,137.45
2022-01-21,137.36
2022-01-22,137.24
2022-01-23,137.20
2022-01-24,137.29
2022-01-25,137.36
2022-01-26,137.54
2022-01-27,137.91
2022-01-28,138.22
2022-01-29,138.57
2022-01-30,138.87
2022-01-31,139.20
2022-02-01,139.36
2022-02-02,139.45
2022-02-03,139.50
2022-02-04,139.57
2022-02-05,139.58
2022-02-06,139.55
2022-02-07,139.51
2022-02-08,139.53
2022-02-09,139.61
2022-02-10,139.76
2022-02-11,139.81
2022-02-12,139.93
2022-02-13,139.95
2022-02-14,139.91
2022-02-15,140.66
2022-02-16,141.44
2022-02-17,141.38
2022-02-18,141.48
2022-02-19,141.28
2022-02-20,141.33
2022-02-21,141.40
2022-02-22,140.61
2022-02-23,139.73
2022-02-24,139.73
2022-02-25,139.68
2022-02-26,139.94
2022-02-27,139.90
2022-02-28,139.89
2022-03-01,139.87
2022-03-02,139.88
2022-03-03,139.82
2022-03-04,139.74
2022-03-05,139.51
2022-03-06,139.53
2022-03-07,139.57
2022-03-08,139.72
2022-03-09,139.87
2022-03-10,139.92
2022-03-11,139.91
2022-03-12,140.07
2022-03-13,140.12
2022-03-14,140.03
2022-03-15,139.90
2022-03-16,139.93
2022-03-17,140.08
2022-03-18,140.30
2022-03-19,140.44
2022-03-20,140.44
2022-03-21,140.55
2022-03-22,140.87
2022-03-23,140.86
2022-03-24,140.96
2022-03-25,140.91
2022-03-26,140.76
2022-03-27,140.81
2022-03-28,140.80
2022-03-29,140.61
2022-03-30,140.69
2022-03-31,140.54
2022-04-01,140.45
2022-04-02,140.48
2022-04-03,140.38
2022-04-04,140.32
2022-04-05,140.20
2022-04-06,139.90
2022-04-07,139.64
2022-04-08,139.38
2022-04-09,139.12
2022-04-10,138.86
2022-04-11,138.61
2022-04-12,138.35
2022-04-13,138.09
2022-04-14,137.83
2022-04-15,137.69
2022-04-16,137.60
2022-04-17,137.50
2022-04-18,137.43
2022-04-19,137.45
2022-04-20,137.42
2022-04-21,137.56
2022-04-22,138.08
2022-04-23,138.67
2022-04-24,138.68
2022-04-25,138.63
2022-04-26,138.63
2022-04-27,138.38
2022-04-28,138.31
2022-04-29,137.74
2022-04-30,137.03
2022-05-01,137.07
2022-05-02,136.95
2022-05-03,136.84
2022-05-04,137.11
2022-05-05,136.86
2022-05-06,136.74
2022-05-07,136.72
2022-05-08,136.52
2022-05-09,136.57
2022-05-10,136.52
2022-05-11,136.41
2022-05-12,136.68
2022-05-13,136.68
2022-05-14,136.62
2022-05-15,136.60
2022-05-16,136.55
2022-05-17,136.49
2022-05-18,136.60
2022-05-19,136.58
2022-05-20,136.71
2022-05-21,136.62
2022-05-22,136.71
2022-05-23,136.87
2022-05-24,136.97
2022-05-25,136.86
2022-05-26,136.63
2022-05-27,136.45
2022-05-28,136.57
2022-05-29,136.53
2022-05-30,136.41
2022-05-31,136.27
2022-06-01,136.12
2022-06-02,136.11
2022-06-03,136.11
2022-06-04,136.06
2022-06-05,135.94
2022-06-06,135.80
2022-06-07,135.78
2022-06-08,135.81
2022-06-09,135.75
2022-06-10,135.57
2022-06-11,135.36
2022-06-12,135.14
2022-06-13,134.91
2022-06-14,134.83
2022-06-15,134.63
2022-06-16,134.40
2022-06-17,134.30
2022-06-18,134.24
2022-06-19,134.26
2022-06-20,134.24
2022-06-21,134.08
2022-06-22,134.00
2022-06-23,133.94
2022-06-24,133.77
2022-06-25,133.44
2022-06-26,133.21
2022-06-27,132.97
2022-06-28,132.88
2022-06-29,132.86
2022-06-30,132.82
2022-07-01,132.72
2022-07-02,132.78
2022-07-03,132.66
2022-07-04,132.53
2022-07-05,132.21
2022-07-06,131.83
2022-07-07,131.50
2022-07-08,131.30
2022-07-09,130.96
2022-07-10,130.68
2022-07-11,130.46
2022-07-12,130.28
2022-07-13,130.10
2022-07-14,129.85
2022-07-15,129.63
2022-07-16,129.57
2022-07-17,129.53
2022-07-18,129.47
2022-07-19,129.48
2022-07-20,129.39
2022-07-21,129.31
2022-07-22,129.43
2022-07-23,129.34
2022-07-24,129.40
2022-07-25,129.43
2022-07-26,129.40
2022-07-27,129.52
2022-07-28,129.67
2022-07-29,129.53
2022-07-30,129.65
2022-07-31,129.56
2022-08-01,129.57
2022-08-02,129.53
2022-08-03,129.50
2022-08-04,129.42
2022-08-05,129.48
2022-08-06,129.46
2022-08-07,129.40
2022-08-08,129.24
2022-08-09,129.02
2022-08-10,128.85
2022-08-11,128.69
2022-08-12,128.47
2022-08-13,128.12
2022-08-14,127.97
2022-08-15,127.84
2022-08-16,127.73
2022-08-17,127.52
2022-08-18,127.28
2022-08-19,127.15
2022-08-20,127.23
2022-08-21,127.22
2022-08-22,127.20
2022-08-23,127.21
2022-08-24,127.34
2022-08-25,127.55
2022-08-26,127.62
2022-08-27,127.63
2022-08-28,127.57
2022-08-29,127.55
2022-08-30,127.62
2022-08-31,127.56
2022-09-01,127.45
2022-09-02,127.37
2022-09-03,127.33
2022-09-04,127.32
2022-09-05,127.29
2022-09-06,127.17
2022-09-07,127.00
2022-09-08,126.93
2022-09-09,126.97
2022-09-10,127.01
2022-09-11,127.03
2022-09-12,127.12
2022-09-13,127.17
2022-09-14,127.35
2022-09-15,127.53
2022-09-16,127.60
2022-09-17,127.67
2022-09-18,127.79
2022-09-19,127.82
2022-09-20,127.90
2022-09-21,127.96
2022-09-22,127.91
2022-09-23,127.85
2022-09-24,127.79
2022-09-25,127.68
2022-09-26,127.57
2022-09-27,127.47
2022-09-28,127.34
2022-09-29,127.23
2022-09-30,127.15
2022-10-01,127.11
2022-10-02,127.07
2022-10-03,127.16
2022-10-04,127.18
2022-10-05,127.22
2022-10-06,127.22
2022-10-07,127.26
2022-10-08,127.26
2022-10-09,127.20
2022-10-10,127.07
2022-10-11,127.00
2022-10-12,126.81
2022-10-13,126.80
2022-10-14,126.76
2022-10-15,126.83
2022-10-16,126.96
2022-10-17,127.06
2022-10-18,127.25
2022-10-19,127.52
2022-10-20,127.69
2022-10-21,127.88
2022-10-22,127.66
2022-10-23,127.63
2022-10-24,127.67
2022-10-25,127.63
2022-10-26,127.55
2022-10-27,127.52
2022-10-28,127.37
2022-10-29,127.52
2022-10-30,127.49
2022-10-31,127.41
2022-11-01,127.23
2022-11-02,127.17
2022-11-03,127.07
2022-11-04,127.05
2022-11-05,126.99
2022-11-06,126.88
2022-11-07,126.81
2022-11-08,126.80
2022-11-09,126.73
2022-11-10,126.58
2022-11-11,126.35
2022-11-12,126.15
2022-11-13,125.98
2022-11-14,125.84
2022-11-15,125.76
2022-11-16,125.72
2022-11-17,125.66
2022-11-18,125.63
2022-11-19,125.53
2022-11-20,125.50
2022-11-21,125.45
2022-11-22,125.31
2022-11-23,125.13
2022-11-24,124.98
2022-11-25,124.80
2022-11-26,124.69
2022-11-27,124.47
2022-11-28,124.20
2022-11-29,124.06
2022-11-30,124.01
2022-12-01,123.98
2022-12-02,123.86
2022-12-03,123.47
2022-12-04,123.24
2022-12-05,123.06
2022-12-06,122.80
2022-12-07,122.40
2022-12-08,121.86
2022-12-09,121.77
2022-12-10,121.79
2022-12-11,121.78
2022-12-12,121.65
2022-12-13,121.67
2022-12-14,121.88
2022-12-15,122.37
2022-12-16,122.49
2022-12-17,123.02
2022-12-18,123.48
2022-12-19,124.03
2022-12-20,124.40
2022-12-21,124.65
2022-12-22,124.74
2022-12-23,123.95
2022-12-24,122.82
2022-12-25,121.69
2022-12-26,120.61
2022-12-27,119.44
2022-12-28,118.29
2022-12-29,117.22
2022-12-30,117.07
2022-12-31,116.91
2023-01-01,116.71
2023-01-02,116.55
2023-01-03,116.41
2023-01-04,116.08
2023-01-05,115.82
2023-01-06,115.63
2023-01-07,115.57
2023-01-08,115.69
2023-01-09,115.56
2023-01-10,115.55
2023-01-11,115.76
2023-01-12,115.86
2023-01-13,115.94
2023-01-14,115.88
2023-01-15,115.74
2023-01-16,115.81
2023-01-17,115.75
2023-01-18,115.73
2023-01-19,115.80
2023-01-20,115.83
2023-01-21,115.86
2023-01-22,115.94
2023-01-23,115.91
2023-01-24,115.98
2023-01-25,115.93
2023-01-26,115.70
2023-01-27,115.44
2023-01-28,115.35
2023-01-29,115.10
2023-01-30,114.91
2023-01-31,114.71
2023-02-01,114.51
2023-02-02,114.35
2023-02-03,114.23
2023-02-04,114.02
2023-02-05,113.89
2023-02-06,113.74
2023-02-07,113.57
2023-02-08,113.19
2023-02-09,112.98
2023-02-10,112.77
2023-02-11,112.49
2023-02-12,112.19
2023-02-13,111.89
2023-02-14,111.63
2023-02-15,111.91
2023-02-16,112.03
2023-02-17,112.10
2023-02-18,111.96
2023-02-19,112.09
2023-02-20,112.21
2023-02-21,112.29
2023-02-22,112.11
2023-02-23,112.07
2023-02-24,111.80
2023-02-25,111.83
2023-02-26,111.57
2023-02-27,111.41
2023-02-28,111.05
2023-03-01,110.49
2023-03-02,110.20
2023-03-03,110.11
2023-03-04,110.00
2023-03-05,109.93
2023-03-06,109.82
2023-03-07,109.85
2023-03-08,109.34
2023-03-09,108.58
2023-03-10,108.31
2023-03-11,108.08
2023-03-12,107.86
2023-03-13,107.57
2023-03-14,107.33
2023-03-15,107.90
2023-03-16,108.32
2023-03-17,108.38
2023-03-18,108.44
2023-03-19,108.49
2023-03-20,108.42
2023-03-21,108.44
2023-03-22,108.53
2023-03-23,108.58
2023-03-24,108.57
2023-03-25,108.36
2023-03-26,108.21
2023-03-27,108.14
2023-03-28,108.00
2023-03-29,107.72
2023-03-30,107.62
2023-03-31,107.53
2023-04-01,107.91
2023-04-02,108.28
2023-04-03,108.49
2023-04-04,108.90
2023-04-05,109.35
2023-04-06,109.70
2023-04-07,110.10
2023-04-08,110.14
2023-04-09,110.14
2023-04-10,110.30
2023-04-11,110.34
2023-04-12,110.37
2023-04-13,110.31
2023-04-14,110.15
2023-04-15,109.91
2023-04-16,109.88
2023-04-17,109.87
2023-04-18,109.79
2023-04-19,109.69
2023-04-20,109.66
2023-04-21,109.70
2023-04-22,109.91
2023-04-23,109.88
2023-04-24,109.80
2023-04-25,109.72
2023-04-26,109.62
2023-04-27,109.57
2023-04-28,109.45
2023-04-29,109.30
2023-04-30,109.14
2023-05-01,108.95
2023-05-02,108.94
2023-05-03,108.81
2023-05-04,108.51
2023-05-05,108.73
2023-05-06,108.92
2023-05-07,109.11
2023-05-08,109.36
2023-05-09,109.44
2023-05-10,109.70
2023-05-11,110.04
2023-05-12,109.56
2023-05-13,109.50
2023-05-14,109.47
2023-05-15,109.43
2023-05-16,109.42
2023-05-17,109.47
2023-05-18,109.60
2023-05-19,110.00
2023-05-20,110.03
2023-05-21,110.11
2023-05-22,110.20
2023-05-23,110.14
2023-05-24,109.99
2023-05-25,109.83
2023-05-26,109.76
2023-05-27,109.65
2023-05-28,109.49
2023-05-29,109.40
2023-05-30,109.36
2023-05-31,109.30
2023-06-01,109.11
2023-06-02,109.03
2023-06-03,108.87
2023-06-04,108.70
2023-06-05,108.52
2023-06-06,108.32
2023-06-07,108.13
2023-06-08,107.98
2023-06-09,107.73
2023-06-10,107.48
2023-06-11,107.31
2023-06-12,107.12
2023-06-13,107.01
2023-06-14,106.99
2023-06-15,106.95
2023-06-16,106.86
2023-06-17,106.81
2023-06-18,106.73
2023-06-19,106.61
2023-06-20,106.55
2023-06-21,106.44
2023-06-22,106.39
2023-06-23,106.36
2023-06-24,106.38
2023-06-25,106.43
2023-06-26,106.47
2023-06-27,106.52
2023-06-28,106.49
2023-06-29,106.45
2023-06-30,106.38
2023-07-01,106.33
2023-07-02,106.14
2023-07-03,105.99
2023-07-04,105.78
2023-07-05,105.74
2023-07-06,105.54
2023-07-07,105.45
2023-07-08,105.38
2023-07-09,105.23
2023-07-10,105.06
2023-07-11,104.91
2023-07-12,104.65
2023-07-13,104.58
2023-07-14,104.51
2023-07-15,104.36
2023-07-16,104.44
2023-07-17,104.50
2023-07-18,104.53
2023-07-19,104.57
2023-07-20,104.63
2023-07-21,104.64
2023-07-22,104.38
2023-07-23,104.26
2023-07-24,104.19
2023-07-25,104.10
2023-07-26,104.02
2023-07-27,103.92
2023-07-28,103.82
2023-07-29,104.04
2023-07-30,103.98
2023-07-31,103.92
2023-08-01,103.94
2023-08-02,103.94
2023-08-03,103.94
2023-08-04,104.04
2023-08-05,104.13
2023-08-06,104.20
2023-08-07,104.26
2023-08-08,104.31
2023-08-09,104.39
2023-08-10,104.49
2023-08-11,104.51
2023-08-12,104.53
2023-08-13,104.63
2023-08-14,104.71
2023-08-15,104.82
2023-08-16,104.90
2023-08-17,104.94
2023-08-18,104.94
2023-08-19,105.03
2023-08-20,105.17
2023-08-21,105.35
2023-08-22,105.49
2023-08-23,105.55
2023-08-24,105.67
2023-08-25,105.80
2023-08-26,105.83
2023-08-27,105.76
2023-08-28,105.69
2023-08-29,105.62
2023-08-30,105.59
2023-08-31,105.52
2023-09-01,105.45
2023-09-02,105.45
2023-09-03,105.40
2023-09-04,105.43
2023-09-05,105.43
2023-09-06,105.39
2023-09-07,105.40
2023-09-08,105.40
2023-09-09,105.33
2023-09-10,105.34
2023-09-11,105.31
2023-09-12,105.41
2023-09-13,105.41
2023-09-14,105.38
2023-09-15,105.35
2023-09-16,105.33
2023-09-17,105.14
2023-09-18,104.92
2023-09-19,104.59
2023-09-20,104.41
2023-09-21,104.26
2023-09-22,104.09
2023-09-23,103.90
2023-09-24,103.89
2023-09-25,103.91
2023-09-26,103.99
2023-09-27,103.97
2023-09-28,103.98
2023-09-29,103.91
2023-09-30,103.78
2023-10-01,103.76
2023-10-02,103.69
2023-10-03,103.53
2023-10-04,103.54
2023-10-05,103.46
2023-10-06,103.49
2023-10-07,103.64
2023-10-08,103.58
2023-10-09,103.50
2023-10-10,103.53
2023-10-11,103.51
2023-10-12,103.40
2023-10-13,103.21
2023-10-14,102.98
2023-10-15,102.91
2023-10-16,102.80
2023-10-17,102.56
2023-10-18,102.38
2023-10-19,102.41
2023-10-20,102.48
2023-10-21,102.44
2023-10-22,102.41
2023-10-23,102.44
2023-10-24,102.46
2023-10-25,102.48
2023-10-26,102.44
2023-10-27,102.41
2023-10-28,102.53
2023-10-29,102.52
2023-10-30,102.59
2023-10-31,102.69
2023-11-01,102.71
2023-11-02,102.62
2023-11-03,102.56
2023-11-04,102.48
2023-11-05,102.37
2023-11-06,102.13
2023-11-07,101.95
2023-11-08,101.76
2023-11-09,101.69
2023-11-10,101.57
2023-11-11,101.43
2023-11-12,101.33
2023-11-13,101.29
2023-11-14,101.28
2023-11-15,101.23
2023-11-16,101.15
2023-11-17,101.18
2023-11-18,101.13
2023-11-19,101.19
2023-11-20,101.21
2023-11-21,101.16
2023-11-22,101.04
2023-11-23,100.98
2023-11-24,100.86
2023-11-25,100.86
2023-11-26,100.76
2023-11-27,100.73
2023-11-28,100.80
2023-11-29,100.99
2023-11-30,101.10
2023-12-01,101.21
2023-12-02,101.33
2023-12-03,101.45
2023-12-04,101.54
2023-12-05,101.55
2023-12-06,101.49
2023-12-07,101.42
2023-12-08,101.52
2023-12-09,101.53
2023-12-10,101.67
2023-12-11,101.83
2023-12-12,101.91
2023-12-13,102.07
2023-12-14,102.36
2023-12-15,102.24
2023-12-16,102.24
2023-12-17,101.92
2023-12-18,101.60
2023-12-19,101.34
2023-12-20,101.09
2023-12-21,100.80
2023-12-22,100.63
2023-12-23,100.20
2023-12-24,100.09
2023-12-25,100.04
2023-12-26,100.11
2023-12-27,100.00
2023-12-28,99.76
2023-12-29,99.59
2023-12-30,99.60
2023-12-31,99.35
2024-01-01,98.94
2024-01-02,98.49
2024-01-03,98.22
2024-01-04,98.15
2024-01-05,98.23
2024-01-06,98.28
2024-01-07,98.41
2024-01-08,98.60
2024-01-09,98.84
2024-01-10,98.99
2024-01-11,99.03
2024-01-12,98.93
2024-01-13,98.81
2024-01-14,98.87
2024-01-15,98.91
2024-01-16,98.78
2024-01-17,98.81
2024-01-18,98.78
2024-01-19,98.74
2024-01-20,98.80
2024-01-21,98.78
2024-01-22,98.76
2024-01-23,98.82
2024-01-24,98.58
2024-01-25,98.36
2024-01-26,98.26
2024-01-27,98.31
2024-01-28,98.35
2024-01-29,98.32
2024-01-30,98.30
2024-01-31,98.29
2024-02-01,98.27
2024-02-02,98.22
2024-02-03,98.05
2024-02-04,97.84
2024-02-05,97.62
2024-02-06,97.45
2024-02-07,97.46
2024-02-08,97.50
2024-02-09,97.47
2024-02-10,97.33
2024-02-11,97.22
2024-02-12,97.18
2024-02-13,97.12
2024-02-14,97.15
2024-02-15,97.22
2024-02-16,97.24
2024-02-17,96.97
2024-02-18,96.98
2024-02-19,96.98
2024-02-20,96.99
2024-02-21,96.88
2024-02-22,96.76
2024-02-23,96.69
2024-02-24,97.04
2024-02-25,97.13
2024-02-26,97.19
2024-02-27,97.18
2024-02-28,97.22
2024-02-29,97.32
2024-03-01,97.26
2024-03-02,97.16
2024-03-03,97.03
2024-03-04,96.95
2024-03-05,96.95
2024-03-06,96.96
2024-03-07,96.89
2024-03-08,97.03
2024-03-09,97.14
2024-03-10,97.18
2024-03-11,97.27
2024-03-12,97.23
2024-03-13,97.24
2024-03-14,97.21
2024-03-15,97.16
2024-03-16,97.06
2024-03-17,97.09
2024-03-18,97.13
2024-03-19,97.30
2024-03-20,97.29
2024-03-21,97.33
2024-03-22,97.45
2024-03-23,97.60
2024-03-24,97.67
2024-03-25,97.62
2024-03-26,97.50
2024-03-27,97.45
2024-03-28,97.40
2024-03-29,97.32
2024-03-30,97.37
2024-03-31,97.37
2024-04-01,97.35
2024-04-02,97.38
2024-04-03,97.40
2024-04-04,97.35
2024-04-05,97.23
2024-04-06,96.96
2024-04-07,96.71
2024-04-08,96.55
2024-04-09,96.40
2024-04-10,96.31
2024-04-11,96.27
2024-04-12,96.23
2024-04-13,96.25
2024-04-14,96.31
2024-04-15,96.38
2024-04-16,96.35
2024-04-17,96.31
2024-04-18,96.27
2024-04-19,96.22
2024-04-20,96.08
2024-04-21,96.00
2024-04-22,96.01
2024-04-23,96.00
2024-04-24,95.94
2024-04-25,95.90
2024-04-26,95.91
2024-04-27,96.01
2024-04-28,96.05
2024-04-29,96.05
2024-04-30,96.04
2024-05-01,96.09
2024-05-02,96.09
2024-05-03,96.07
2024-05-04,96.03
2024-05-05,95.85
2024-05-06,95.71
2024-05-07,95.61
2024-05-08,95.50
2024-05-09,95.42
2024-05-10,95.34
2024-05-11,95.17
2024-05-12,95.28
2024-05-13,95.16
2024-05-14,95.13
2024-05-15,95.04
2024-05-16,94.96
2024-05-17,94.78
2024-05-18,94.44
2024-05-19,93.89
2024-05-20,93.42
2024-05-21,92.90
2024-05-22,92.72
2024-05-23,92.62
2024-05-24,92.55
2024-05-25,92.67
2024-05-26,92.87
2024-05-27,93.17
2024-05-28,93.46
2024-05-29,93.23
2024-05-30,93.11
2024-05-31,93.04
2024-06-01,93.05
2024-06-02,93.02
2024-06-03,93.02
2024-06-04,92.96
2024-06-05,93.11
2024-06-06,93.07
2024-06-07,93.05
2024-06-08,93.05
2024-06-09,93.11
2024-06-10,93.11
2024-06-11,93.15
2024-06-12,93.11
2024-06-13,93.08
2024-06-14,93.00
2024-06-15,92.93
2024-06-16,92.96
2024-06-17,93.00
2024-06-18,93.04
2024-06-19,93.13
2024-06-20,93.22
2024-06-21,93.26
2024-06-22,93.27
2024-06-23,93.20
2024-06-24,93.14
2024-06-25,93.06
2024-06-26,93.01
2024-06-27,93.00
2024-06-28,92.98
2024-06-29,92.86
2024-06-30,92.83
2024-07-01,92.82
2024-07-02,92.86
2024-07-03,92.99
2024-07-04,93.21
2024-07-05,93.50
2024-07-06,93.87
2024-07-07,94.14
2024-07-08,94.39
2024-07-09,94.52
2024-07-10,94.58
2024-07-11,94.53
2024-07-12,94.46
2024-07-13,94.40
2024-07-14,94.32
2024-07-15,94.22
2024-07-16,94.31
2024-07-17,94.41
2024-07-18,94.50
2024-07-19,94.67
2024-07-20,94.62
2024-07-21,94.81
2024-07-22,94.92
2024-07-23,95.04
2024-07-24,95.14
2024-07-25,95.24
2024-07-26,95.25
2024-07-27,95.41
2024-07-28,95.33
2024-07-29,95.34
2024-07-30,95.23
2024-07-31,95.14
2024-08-01,94.96
2024-08-02,94.79
2024-08-03,94.61
2024-08-04,94.39
2024-08-05,94.18
2024-08-06,94.03
2024-08-07,93.85
2024-08-08,93.73
2024-08-09,93.57
2024-08-10,93.39
2024-08-11,93.32
2024-08-12,93.22
2024-08-13,93.11
2024-08-14,93.00
2024-08-15,92.93
2024-08-16,92.94
2024-08-17,92.99
2024-08-18,92.96
2024-08-19,92.91
2024-08-20,92.61
2024-08-21,92.30
2024-08-22,91.99
2024-08-23,91.69
2024-08-24,91.35
2024-08-25,91.03
2024-08-26,90.73
2024-08-27,90.67
2024-08-28,90.60
2024-08-29,90.49
2024-08-30,90.40
2024-08-31,90.37
2024-09-01,90.35
2024-09-02,90.34
2024-09-03,90.35
2024-09-04,90.30
2024-09-05,90.22
2024-09-06,90.17
2024-09-07,90.09
2024-09-08,89.99
2024-09-09,89.83
2024-09-10,89.66
2024-09-11,89.65
2024-09-12,89.54
2024-09-13,89.48
2024-09-14,89.42
2024-09-15,89.33
2024-09-16,89.29
2024-09-17,89.34
2024-09-18,89.36
2024-09-19,89.50
2024-09-20,89.59
2024-09-21,89.61
2024-09-22,89.70
2024-09-23,89.87
2024-09-24,89.88
2024-09-25,89.82
2024-09-26,89.82
2024-09-27,89.86
2024-09-28,89.99
2024-09-29,90.09
2024-09-30,90.17
2024-10-01,90.28
2024-10-02,90.35
2024-10-03,90.42
2024-10-04,90.47
2024-10-05,90.51
2024-10-06,90.54
2024-10-07,90.49
2024-10-08,90.50
2024-10-09,90.54
2024-10-10,90.51
2024-10-11,90.31
2024-10-12,90.08
2024-10-13,89.86
2024-10-14,89.64
2024-10-15,89.49
2024-10-16,89.28
2024-10-17,89.14
2024-10-18,89.02
2024-10-19,88.86
2024-10-20,88.77
2024-10-21,88.73
2024-10-22,88.65
2024-10-23,88.62
2024-10-24,88.50
2024-10-25,88.51
2024-10-26,88.57
2024-10-27,88.54
2024-10-28,88.51
2024-10-29,88.47
2024-10-30,88.43
2024-10-31,88.50
2024-11-01,88.44
2024-11-02,88.48
2024-11-03,88.54
2024-11-04,88.56
2024-11-05,88.60
2024-11-06,88.65
2024-11-07,88.66
2024-11-08,88.76
2024-11-09,88.80
2024-11-10,88.88
2024-11-11,88.98
2024-11-12,89.04
2024-11-13,89.12
2024-11-14,89.14
2024-11-15,89.16
2024-11-16,89.19
2024-11-17,89.17
2024-11-18,89.15
2024-11-19,89.13
2024-11-20,89.08
2024-11-21,89.09
2024-11-22,89.15
2024-11-23,89.15
2024-11-24,89.13
2024-11-25,89.15
2024-11-26,89.19
2024-11-27,89.27
2024-11-28,89.33
2024-11-29,89.31
2024-11-30,89.31
2024-12-01,89.31
2024-12-02,89.27
2024-12-03,89.20
2024-12-04,89.13
2024-12-05,89.04
2024-12-06,89.04
2024-12-07,89.07
2024-12-08,89.09
2024-12-09,89.23
2024-12-10,89.26
2024-12-11,89.10
2024-12-12,89.13
2024-12-13,89.06
2024-12-14,88.95
2024-12-15,88.84
2024-12-16,88.66
2024-12-17,88.58
2024-12-18,88.45
2024-12-19,88.26
2024-12-20,88.15
2024-12-21,88.10
2024-12-22,88.02
2024-12-23,87.95
2024-12-24,87.81
2024-12-25,87.91
2024-12-26,87.98
2024-12-27,87.87
2024-12-28,87.79
2024-12-29,87.77
2024-12-30,87.68
2024-12-31,87.66
2025-01-01,87.56
2025-01-02,87.42
2025-01-03,87.41
2025-01-04,87.37
2025-01-05,87.41
2025-01-06,87.40
2025-01-07,87.39
2025-01-08,87.52
2025-01-09,87.66
2025-01-10,87.74
2025-01-11,87.78
2025-01-12,87.77
2025-01-13,87.81
2025-01-14,87.82
2025-01-15,87.76
2025-01-16,87.66
2025-01-17,87.57
2025-01-18,87.42
2025-01-19,87.30
2025-01-20,87.17
2025-01-21,87.10
2025-01-22,86.98
2025-01-23,86.81
2025-01-24,86.71
2025-01-25,86.69
2025-01-26,86.56
2025-01-27,86.40
2025-01-28,86.17
2025-01-29,86.03
2025-01-30,85.91
2025-01-31,85.74
2025-02-01,85.57
2025-02-02,85.45
2025-02-03,85.35
2025-02-04,85.35
2025-02-05,85.34
2025-02-06,85.36
2025-02-07,85.42
2025-02-08,85.50
2025-02-09,85.57
2025-02-10,85.62
2025-02-11,85.70
2025-02-12,85.74
2025-02-13,85.80
2025-02-14,85.81
2025-02-15,85.67
2025-02-16,85.72
2025-02-17,85.81
2025-02-18,85.79
2025-02-19,85.75
2025-02-20,85.68
2025-02-21,85.63
2025-02-22,85.76
2025-02-23,85.66
2025-02-24,85.54
2025-02-25,85.56
2025-02-26,85.46
2025-02-27,85.43
2025-02-28,85.40
2025-03-01,85.24
2025-03-02,85.14
2025-03-03,85.02
2025-03-04,84.75
2025-03-05,84.55
2025-03-06,84.39
2025-03-07,84.25
2025-03-08,84.18
2025-03-09,84.12
2025-03-10,84.03
2025-03-11,83.84
2025-03-12,83.84
2025-03-13,83.86
2025-03-14,83.84
2025-03-15,83.85
2025-03-16,83.84
2025-03-17,83.92
2025-03-18,84.22
2025-03-19,84.38
2025-03-20,84.35
2025-03-21,84.31
2025-03-22,84.35
2025-03-23,84.31
2025-03-24,84.26
2025-03-25,84.11
2025-03-26,83.94
2025-03-27,83.89
2025-03-28,83.83
2025-03-29,83.67
2025-03-30,83.63
2025-03-31,83.56
2025-04-01,83.46
2025-04-02,83.41
2025-04-03,83.55
2025-04-04,83.73
2025-04-05,83.74
2025-04-06,83.64
2025-04-07,83.56
2025-04-08,83.54
2025-04-09,83.57
2025-04-10,83.34
2025-04-11,83.11
2025-04-12,83.08
2025-04-13,83.09
2025-04-14,83.14
2025-04-15,83.21
2025-04-16,83.17
2025-04-17,83.28
2025-04-18,83.32
2025-04-19,83.37
2025-04-20,83.47
2025-04-21,83.53
2025-04-22,83.60
2025-04-23,83.74
2025-04-24,83.66
2025-04-25,83.57
2025-04-26,83.45
2025-04-27,83.39
2025-04-28,83.33
2025-04-29,83.13
2025-04-30,82.94
2025-05-01,82.61
2025-05-02,82.60
2025-05-03,82.68
2025-05-04,82.65
2025-05-05,82.07
2025-05-06,82.06
2025-05-07,82.00
2025-05-08,82.11
2025-05-09,81.99
2025-05-10,81.79
2025-05-11,81.58
2025-05-12,82.08
2025-05-13,82.02
2025-05-14,81.95
2025-05-15,82.03
2025-05-16,82.09
2025-05-17,82.02
2025-05-18,82.12
2025-05-19,82.14
2025-05-20,82.23
2025-05-21,82.30
2025-05-22,82.24
2025-05-23,82.20
2025-05-24,82.26
2025-05-25,82.13
2025-05-26,81.98
2025-05-27,81.79
2025-05-28,81.64
2025-05-29,81.60
2025-05-30,81.37
2025-05-31,81.39
2025-06-01,81.46
2025-06-02,81.49
2025-06-03,81.57
2025-06-04,81.77
2025-06-05,81.98
2025-06-06,82.35
2025-06-07,82.42
2025-06-08,82.40
2025-06-09,82.40
2025-06-10,82.32
2025-06-11,82.25
2025-06-12,82.43
2025-06-13,82.56
2025-06-14,82.70
2025-06-15,83.00
2025-06-16,83.28
2025-06-17,83.62
2025-06-18,83.82
2025-06-19,83.74
2025-06-20,83.68
2025-06-21,83.70
2025-06-22,83.62
2025-06-23,83.59
2025-06-24,83.58
2025-06-25,83.58
2025-06-26,83.58
2025-06-27,83.66
2025-06-28,83.64
2025-06-29,83.71
2025-06-30,83.77
2025-07-01,83.85
2025-07-02,83.87
2025-07-03,83.91
2025-07-04,83.91
2025-07-05,83.98
2025-07-06,83.99
2025-07-07,83.99
2025-07-08,83.81
2025-07-09,84.18
2025-07-10,84.52
2025-07-11,84.82
2025-07-12,85.14
2025-07-13,85.43
2025-07-14,85.74
2025-07-15,86.26
2025-07-16,85.83
2025-07-17,85.43
2025-07-18,85.04
2025-07-19,84.58
2025-07-20,84.27
2025-07-21,83.89
2025-07-22,83.49
2025-07-23,83.55
2025-07-24,83.61
2025-07-25,83.72
2025-07-26,83.92
2025-07-27,83.95
2025-07-28,83.99
2025-07-29,84.05
2025-07-30,84.04
2025-07-31,84.09
2025-08-01,84.09
2025-08-02,84.02
2025-08-03,84.01
2025-08-04,84.00
2025-08-05,83.90
2025-08-06,83.88
2025-08-07,83.79
2025-08-08,83.73
2025-08-09,83.69
2025-08-10,83.65
2025-08-11,83.57
2025-08-12,83.61
2025-08-13,83.71
2025-08-14,83.91
2025-08-15,84.19
2025-08-16,84.55
2025-08-17,84.97
2025-08-18,85.57
2025-08-19,86.16
2025-08-20,86.75
2025-08-21,87.34
2025-08-22,87.83
2025-08-23,88.18
2025-08-24,88.45
2025-08-25,88.65
2025-08-26,88.78
2025-08-27,88.83
2025-08-28,88.77
2025-08-29,88.76
2025-08-30,88.79
2025-08-31,88.81
2025-09-01,88.83
2025-09-02,88.76
2025-09-03,88.75
2025-09-04,88.80
2025-09-05,88.86
2025-09-06,88.96
2025-09-07,89.06
2025-09-08,88.96
2025-09-09,89.07
2025-09-10,89.10
2025-09-11,89.18
2025-09-12,89.24
2025-09-13,89.19
2025-09-14,89.11
2025-09-15,89.22
2025-09-16,89.15
2025-09-17,89.17
2025-09-18,89.12
2025-09-19,89.05
2025-09-20,89.08
2025-09-21,89.11
2025-09-22,89.16
2025-09-23,89.20
2025-09-24,89.21
2025-09-25,89.18
2025-09-26,89.11
2025-09-27,88.98
2025-09-28,88.94
2025-09-29,88.85
2025-09-30,88.88
2025-10-01,88.85
2025-10-02,88.81
2025-10-03,88.83
2025-10-04,88.88
2025-10-05,88.85
2025-10-06,88.86
2025-10-07,88.78
2025-10-08,88.73
2025-10-09,88.69
2025-10-10,88.61
2025-10-11,88.62
2025-10-12,88.55
2025-10-13,88.40
2025-10-14,88.30
2025-10-15,88.24
2025-10-16,88.06
2025-10-17,87.82
2025-10-18,87.58
2025-10-19,87.57
2025-10-20,87.54
2025-10-21,87.35
2025-10-22,87.29
2025-10-23,87.24
2025-10-24,87.35
2025-10-25,87.25
2025-10-26,87.01
2025-10-27,86.97
2025-10-28,87.11
2025-10-29,87.06
2025-10-30,87.21
2025-10-31,87.19
2025-11-01,87.04
2025-11-02,87.21
2025-11-03,87.24
2025-11-04,87.23
2025-11-05,87.26
2025-11-06,87.24
2025-11-07,87.32
2025-11-08,87.71
2025-11-09,87.81
2025-11-10,87.68
2025-11-11,87.70
2025-11-12,87.68
2025-11-13,87.66
2025-11-14,87.53
2025-11-15,87.60
2025-11-16,87.63
2025-11-17,87.75
2025-11-18,87.77
2025-11-19,87.76
2025-11-20,87.86
2025-11-21,88.01
2025-11-22,88.13
2025-11-23,88.18
2025-11-24,88.31
2025-11-25,88.42
2025-11-26,88.59
2025-11-27,88.75
2025-11-28,88.88
2025-11-29,88.83
2025-11-30,88.84
2025-12-01,88.85
2025-12-02,88.89
2025-12-03,88.84
2025-12-04,88.77
2025-12-05,88.86
2025-12-06,89.10
2025-12-07,89.23
2025-12-08,89.38
2025-12-09,89.32
2025-12-10,89.39
2025-12-11,89.33
2025-12-12,89.25
2025-12-13,89.16
2025-12-14,89.22
2025-12-15,89.08
2025-12-16,89.19
2025-12-17,90.04
2025-12-18,90.90
2025-12-19,91.56
2025-12-20,91.92
2025-12-21,92.01
2025-12-22,92.66
2025-12-23,93.35
2025-12-24,93.14
2025-12-25,92.99
2025-12-26,92.54
2025-12-27,92.26
2025-12-28,92.25
2025-12-29,91.80
2025-12-30,91.36
2025-12-31,91.04
2026-01-01,90.58
2026-01-02,90.55
2026-01-03,90.54
2026-01-04,90.44
2026-01-05,90.52
2026-01-06,90.51
2026-01-07,90.49
2026-01-08,90.50
2026-01-09,90.55
2026-01-10,90.64
2026-01-11,90.80
2026-01-12,90.84
2026-01-13,90.95
2026-01-14,91.16
2026-01-15,91.47
2026-01-16,91.64
2026-01-17,91.99
2026-01-18,92.25
2026-01-19,92.56
2026-01-20,92.75
2026-01-21,92.91
2026-01-22,93.08
2026-01-23,93.22
2026-01-24,93.20
2026-01-25,93.25
2026-01-26,93.18
2026-01-27,93.15
2026-01-28,93.04
2026-01-29,92.85
2026-01-30,92.68
2026-01-31,92.62
2026-02-01,92.52
2026-02-02,92.48
2026-02-03,92.41
2026-02-04,92.34
2026-02-05,92.28
2026-02-06,92.46
2026-02-07,92.40
2026-02-08,92.38
2026-02-09,92.37
2026-02-10,92.42
2026-02-11,92.51
2026-02-12,92.74
2026-02-13,92.83
2026-02-14,92.99
2026-02-15,93.19
2026-02-16,93.38
2026-02-17,93.43
2026-02-18,93.57
2026-02-19,93.49
2026-02-20,93.46
2026-02-21,93.46
2026-02-22,93.31
2026-02-23,93.05
2026-02-24,92.98
2026-02-25,92.89
2026-02-26,92.94
2026-02-27,92.85
2026-02-28,92.75
2026-03-01,92.73
2026-03-02,92.82
2026-03-03,92.64
2026-03-04,92.52
2026-03-05,92.35
2026-03-06,92.28
2026-03-07,92.18
2026-03-08,92.09
2026-03-09,91.91
2026-03-10,91.90
2026-03-11,91.64
2026-03-12,91.42
2026-03-13,91.32
2026-03-14,91.20
2026-03-15,90.97
2026-03-16,90.98
2026-03-17,90.71
2026-03-18,90.75
2026-03-19,90.82
2026-03-20,90.73
2026-03-21,90.59
2026-03-22,90.70
2026-03-23,90.66
2026-03-24,90.57
2026-03-25,90.38
2026-03-26,90.08
2026-03-27,89.83
2026-03-28,89.77
2026-03-29,89.59
2026-03-30,89.55
2026-03-31,89.72
2026-04-01,89.80
2026-04-02,89.82
2026-04-03,89.97
2026-04-04,89.99
2026-04-05,90.03
2026-04-06,89.96
2026-04-07,89.95
2026-04-08,89.92
2026-04-09,90.24
2026-04-10,90.17
2026-04-11,90.21
2026-04-12,90.20
2026-04-13,90.01
2026-04-14,90.12
2026-04-15,90.25
2026-04-16,90.09
2026-04-17,90.17
2026-04-18,90.20
2026-04-19,90.26
2026-04-20,90.46
2026-04-21,90.54
2026-04-22,90.68
2026-04-23,90.82
2026-04-24,90.91
2026-04-25,90.76
2026-04-26,90.68
2026-04-27,90.64
2026-04-28,90.53
2026-04-29,90.39
2026-04-30,90.37
2026-05-01,90.40
